INSERT INTO `nextjs_shop_product` (`product_id`, `name`, `price`, `created_at`, `view_count`, `wish_count`) VALUES (2, 'zi존간지 코트', 15000, '2025-04-07 15:52:31', NULL, NULL);
INSERT INTO `nextjs_shop_product` (`product_id`, `name`, `price`, `created_at`, `view_count`, `wish_count`) VALUES (9, '더블 쓰리핏 티셔츠', 53000, '2025-04-07 16:40:10', NULL, NULL);
INSERT INTO `nextjs_shop_product` (`product_id`, `name`, `price`, `created_at`, `view_count`, `wish_count`) VALUES (8, '자두 원피스', 80000, '2025-04-07 16:40:03', NULL, NULL);
INSERT INTO `nextjs_shop_product` (`product_id`, `name`, `price`, `created_at`, `view_count`, `wish_count`) VALUES (4, '물방울 무늬 셔츠', 85000, '2025-04-07 16:39:34', NULL, NULL);
INSERT INTO `nextjs_shop_product` (`product_id`, `name`, `price`, `created_at`, `view_count`, `wish_count`) VALUES (6, '땡글미러 썬글라스', 100000, '2025-04-07 16:39:51', NULL, NULL);
INSERT INTO `nextjs_shop_product` (`product_id`, `name`, `price`, `created_at`, `view_count`, `wish_count`) VALUES (7, '아저씨핏 셔츠', 120000, '2025-04-07 16:39:57', NULL, NULL);
INSERT INTO `nextjs_shop_product` (`product_id`, `name`, `price`, `created_at`, `view_count`, `wish_count`) VALUES (1, '투데이 데일리 자켓', 150000, '2025-04-07 15:50:03', NULL, NULL);
INSERT INTO `nextjs_shop_product` (`product_id`, `name`, `price`, `created_at`, `view_count`, `wish_count`) VALUES (5, '벚꽃 자켓', 230000, '2025-04-07 16:39:42', NULL, NULL);
INSERT INTO `nextjs_shop_product` (`product_id`, `name`, `price`, `created_at`, `view_count`, `wish_count`) VALUES (3, '황금 후드티', 3000000, '2025-04-07 15:54:23', NULL, NULL);
INSERT INTO `nextjs_shop_product` (`product_id`, `name`, `price`, `created_at`, `view_count`, `wish_count`) VALUES (10, '가운같은가운아닌원피스', 4500000, '2025-04-07 16:40:13', NULL, NULL);

INSERT INTO `nextjs_shop_file` (`file_id`, `file_name`, `store_name`, `file_extension`, `file_path`, `created_at`, `copyright`, `copyright_url`) VALUES (1, '1', NULL, 'jpg', 'https://ehfqntuqntu.cdn1.cafe24.com/main/1.jpg', '2025-04-17 15:24:25', 'Konstantin Mishchenko\r\n', 'https://www.pexels.com/ko-kr/photo/1926769/');
INSERT INTO `nextjs_shop_file` (`file_id`, `file_name`, `store_name`, `file_extension`, `file_path`, `created_at`, `copyright`, `copyright_url`) VALUES (2, '2', NULL, 'jpg', 'https://ehfqntuqntu.cdn1.cafe24.com/main/2.jpg', '2025-04-17 15:25:37', 'Pixabay\r\n', 'https://www.pexels.com/ko-kr/photo/157675/');
INSERT INTO `nextjs_shop_file` (`file_id`, `file_name`, `store_name`, `file_extension`, `file_path`, `created_at`, `copyright`, `copyright_url`) VALUES (3, '3', NULL, 'jpg', 'https://ehfqntuqntu.cdn1.cafe24.com/main/3.jpg', '2025-04-17 15:25:42', 'Marlene Leppänen\r\n', 'https://www.pexels.com/ko-kr/photo/1183266/\r\n');
INSERT INTO `nextjs_shop_file` (`file_id`, `file_name`, `store_name`, `file_extension`, `file_path`, `created_at`, `copyright`, `copyright_url`) VALUES (4, '4', NULL, 'jpg', 'https://ehfqntuqntu.cdn1.cafe24.com/main/4.jpg\r\n', '2025-04-17 15:25:55', 'Olena Goldman', 'https://www.pexels.com/ko-kr/photo/1021693/\r\n');
INSERT INTO `nextjs_shop_file` (`file_id`, `file_name`, `store_name`, `file_extension`, `file_path`, `created_at`, `copyright`, `copyright_url`) VALUES (5, '5', NULL, 'jpg', 'https://ehfqntuqntu.cdn1.cafe24.com/main/5.jpg', '2025-04-17 15:25:58', 'Athena Sandrini', 'https://www.pexels.com/ko-kr/photo/2043590/\r\n');
INSERT INTO `nextjs_shop_file` (`file_id`, `file_name`, `store_name`, `file_extension`, `file_path`, `created_at`, `copyright`, `copyright_url`) VALUES (6, '6', NULL, 'jpg', 'https://ehfqntuqntu.cdn1.cafe24.com/main/6.jpg', '2025-04-17 15:26:04', 'Hamann La', 'https://www.pexels.com/ko-kr/photo/1192609/\r\n');
INSERT INTO `nextjs_shop_file` (`file_id`, `file_name`, `store_name`, `file_extension`, `file_path`, `created_at`, `copyright`, `copyright_url`) VALUES (7, '7', NULL, 'jpg', 'https://ehfqntuqntu.cdn1.cafe24.com/main/7.jpg', '2025-04-17 15:26:07', 'Chloe', 'https://www.pexels.com/ko-kr/photo/1043474/\r\n');
INSERT INTO `nextjs_shop_file` (`file_id`, `file_name`, `store_name`, `file_extension`, `file_path`, `created_at`, `copyright`, `copyright_url`) VALUES (8, '8', NULL, 'jpg', 'https://ehfqntuqntu.cdn1.cafe24.com/main/8.jpg', '2025-04-17 15:26:10', 'Quang Anh Ha Nguyen\r\n', 'https://www.pexels.com/ko-kr/photo/902030/\r\n');
INSERT INTO `nextjs_shop_file` (`file_id`, `file_name`, `store_name`, `file_extension`, `file_path`, `created_at`, `copyright`, `copyright_url`) VALUES (9, '9', NULL, 'jpg', 'https://ehfqntuqntu.cdn1.cafe24.com/main/9.jpg', '2025-04-17 15:26:12', 'Jermaine Ulinwa', 'https://www.pexels.com/ko-kr/photo/3193731/');
INSERT INTO `nextjs_shop_file` (`file_id`, `file_name`, `store_name`, `file_extension`, `file_path`, `created_at`, `copyright`, `copyright_url`) VALUES (10, '10', NULL, 'jpg', 'https://ehfqntuqntu.cdn1.cafe24.com/main/10.jpg', '2025-04-17 15:26:14', 'Andrea  Yurko', 'https://www.pexels.com/ko-kr/photo/982585/\r\n');

INSERT INTO `nextjs_shop_menu_top` (`menu_top_id`, `menu_name`, `gender`) VALUES (12, '니트웨어', 'F');
INSERT INTO `nextjs_shop_menu_top` (`menu_top_id`, `menu_name`, `gender`) VALUES (11, '점프수트', 'F');
INSERT INTO `nextjs_shop_menu_top` (`menu_top_id`, `menu_name`, `gender`) VALUES (10, '원피스', 'F');
INSERT INTO `nextjs_shop_menu_top` (`menu_top_id`, `menu_name`, `gender`) VALUES (9, '셋업', 'F');
INSERT INTO `nextjs_shop_menu_top` (`menu_top_id`, `menu_name`, `gender`) VALUES (8, '스커트', 'F');
INSERT INTO `nextjs_shop_menu_top` (`menu_top_id`, `menu_name`, `gender`) VALUES (7, '바지', 'F');
INSERT INTO `nextjs_shop_menu_top` (`menu_top_id`, `menu_name`, `gender`) VALUES (6, '상의', 'F');
INSERT INTO `nextjs_shop_menu_top` (`menu_top_id`, `menu_name`, `gender`) VALUES (5, '아우터', 'F');
INSERT INTO `nextjs_shop_menu_top` (`menu_top_id`, `menu_name`, `gender`) VALUES (4, '니트웨어', 'M');
INSERT INTO `nextjs_shop_menu_top` (`menu_top_id`, `menu_name`, `gender`) VALUES (3, '하의', 'M');
INSERT INTO `nextjs_shop_menu_top` (`menu_top_id`, `menu_name`, `gender`) VALUES (2, '상의', 'M');
INSERT INTO `nextjs_shop_menu_top` (`menu_top_id`, `menu_name`, `gender`) VALUES (1, '아우터', 'M');


INSERT INTO `nextjs_shop_menu_sub` (`menu_sub_id`, `menu_name`, `menu_top_id`) VALUES (1, '플리스', 1);
INSERT INTO `nextjs_shop_menu_sub` (`menu_sub_id`, `menu_name`, `menu_top_id`) VALUES (2, '트렌치, 맥코트', 1);
INSERT INTO `nextjs_shop_menu_sub` (`menu_sub_id`, `menu_name`, `menu_top_id`) VALUES (3, '무스탕', 1);
INSERT INTO `nextjs_shop_menu_sub` (`menu_sub_id`, `menu_name`, `menu_top_id`) VALUES (4, '야상', 1);
INSERT INTO `nextjs_shop_menu_sub` (`menu_sub_id`, `menu_name`, `menu_top_id`) VALUES (5, '블루종', 1);
INSERT INTO `nextjs_shop_menu_sub` (`menu_sub_id`, `menu_name`, `menu_top_id`) VALUES (6, '바시티', 1);
INSERT INTO `nextjs_shop_menu_sub` (`menu_sub_id`, `menu_name`, `menu_top_id`) VALUES (7, '데님 재킷', 1);
INSERT INTO `nextjs_shop_menu_sub` (`menu_sub_id`, `menu_name`, `menu_top_id`) VALUES (8, '퍼 재킷', 1);
INSERT INTO `nextjs_shop_menu_sub` (`menu_sub_id`, `menu_name`, `menu_top_id`) VALUES (9, '트레이닝 재킷', 1);
INSERT INTO `nextjs_shop_menu_sub` (`menu_sub_id`, `menu_name`, `menu_top_id`) VALUES (10, '점퍼', 1);
INSERT INTO `nextjs_shop_menu_sub` (`menu_sub_id`, `menu_name`, `menu_top_id`) VALUES (11, '바람막이', 1);
INSERT INTO `nextjs_shop_menu_sub` (`menu_sub_id`, `menu_name`, `menu_top_id`) VALUES (12, '아노락', 1);
INSERT INTO `nextjs_shop_menu_sub` (`menu_sub_id`, `menu_name`, `menu_top_id`) VALUES (13, '나일론, 코치 재킷', 1);
INSERT INTO `nextjs_shop_menu_sub` (`menu_sub_id`, `menu_name`, `menu_top_id`) VALUES (14, '후드 집업', 1);
INSERT INTO `nextjs_shop_menu_sub` (`menu_sub_id`, `menu_name`, `menu_top_id`) VALUES (15, '베스트', 1);
INSERT INTO `nextjs_shop_menu_sub` (`menu_sub_id`, `menu_name`, `menu_top_id`) VALUES (16, '레더 재킷', 1);
INSERT INTO `nextjs_shop_menu_sub` (`menu_sub_id`, `menu_name`, `menu_top_id`) VALUES (17, '블레이저', 1);
INSERT INTO `nextjs_shop_menu_sub` (`menu_sub_id`, `menu_name`, `menu_top_id`) VALUES (18, '하프코트', 1);
INSERT INTO `nextjs_shop_menu_sub` (`menu_sub_id`, `menu_name`, `menu_top_id`) VALUES (19, '숏코트', 1);
INSERT INTO `nextjs_shop_menu_sub` (`menu_sub_id`, `menu_name`, `menu_top_id`) VALUES (20, '롱코트', 1);
INSERT INTO `nextjs_shop_menu_sub` (`menu_sub_id`, `menu_name`, `menu_top_id`) VALUES (21, '경량패딩', 1);
INSERT INTO `nextjs_shop_menu_sub` (`menu_sub_id`, `menu_name`, `menu_top_id`) VALUES (22, '숏패딩', 1);
INSERT INTO `nextjs_shop_menu_sub` (`menu_sub_id`, `menu_name`, `menu_top_id`) VALUES (23, '롱패딩', 1);
INSERT INTO `nextjs_shop_menu_sub` (`menu_sub_id`, `menu_name`, `menu_top_id`) VALUES (24, '기타 아우터', 1);
INSERT INTO `nextjs_shop_menu_sub` (`menu_sub_id`, `menu_name`, `menu_top_id`) VALUES (25, '반소매 티셔츠', 2);
INSERT INTO `nextjs_shop_menu_sub` (`menu_sub_id`, `menu_name`, `menu_top_id`) VALUES (26, '반소매 셔츠', 2);
INSERT INTO `nextjs_shop_menu_sub` (`menu_sub_id`, `menu_name`, `menu_top_id`) VALUES (27, '슬리브리스', 2);
INSERT INTO `nextjs_shop_menu_sub` (`menu_sub_id`, `menu_name`, `menu_top_id`) VALUES (28, '피케, 카라 티셔츠', 2);
INSERT INTO `nextjs_shop_menu_sub` (`menu_sub_id`, `menu_name`, `menu_top_id`) VALUES (29, '스웨트셔츠', 2);
INSERT INTO `nextjs_shop_menu_sub` (`menu_sub_id`, `menu_name`, `menu_top_id`) VALUES (30, '집업', 2);
INSERT INTO `nextjs_shop_menu_sub` (`menu_sub_id`, `menu_name`, `menu_top_id`) VALUES (31, '후디', 2);
INSERT INTO `nextjs_shop_menu_sub` (`menu_sub_id`, `menu_name`, `menu_top_id`) VALUES (32, '긴소매 티셔츠', 2);
INSERT INTO `nextjs_shop_menu_sub` (`menu_sub_id`, `menu_name`, `menu_top_id`) VALUES (33, '긴소매 셔츠', 2);
INSERT INTO `nextjs_shop_menu_sub` (`menu_sub_id`, `menu_name`, `menu_top_id`) VALUES (34, '레깅스', 3);
INSERT INTO `nextjs_shop_menu_sub` (`menu_sub_id`, `menu_name`, `menu_top_id`) VALUES (35, '쇼트', 3);
INSERT INTO `nextjs_shop_menu_sub` (`menu_sub_id`, `menu_name`, `menu_top_id`) VALUES (36, '부츠컷', 3);
INSERT INTO `nextjs_shop_menu_sub` (`menu_sub_id`, `menu_name`, `menu_top_id`) VALUES (37, '슬림 팬츠', 3);
INSERT INTO `nextjs_shop_menu_sub` (`menu_sub_id`, `menu_name`, `menu_top_id`) VALUES (38, '스트레이트 팬츠', 3);
INSERT INTO `nextjs_shop_menu_sub` (`menu_sub_id`, `menu_name`, `menu_top_id`) VALUES (39, '와이드 팬츠', 3);
INSERT INTO `nextjs_shop_menu_sub` (`menu_sub_id`, `menu_name`, `menu_top_id`) VALUES (40, '데님 팬츠', 3);
INSERT INTO `nextjs_shop_menu_sub` (`menu_sub_id`, `menu_name`, `menu_top_id`) VALUES (41, '트레이닝 팬츠', 3);
INSERT INTO `nextjs_shop_menu_sub` (`menu_sub_id`, `menu_name`, `menu_top_id`) VALUES (42, '슬렉스', 3);
INSERT INTO `nextjs_shop_menu_sub` (`menu_sub_id`, `menu_name`, `menu_top_id`) VALUES (43, '코튼 팬츠', 3);
INSERT INTO `nextjs_shop_menu_sub` (`menu_sub_id`, `menu_name`, `menu_top_id`) VALUES (44, '기타 팬츠', 3);
INSERT INTO `nextjs_shop_menu_sub` (`menu_sub_id`, `menu_name`, `menu_top_id`) VALUES (45, '크루넥', 4);
INSERT INTO `nextjs_shop_menu_sub` (`menu_sub_id`, `menu_name`, `menu_top_id`) VALUES (46, '브이넥', 4);
INSERT INTO `nextjs_shop_menu_sub` (`menu_sub_id`, `menu_name`, `menu_top_id`) VALUES (47, '집업', 4);
INSERT INTO `nextjs_shop_menu_sub` (`menu_sub_id`, `menu_name`, `menu_top_id`) VALUES (48, '터틀넥', 4);
INSERT INTO `nextjs_shop_menu_sub` (`menu_sub_id`, `menu_name`, `menu_top_id`) VALUES (49, '카디건', 4);
INSERT INTO `nextjs_shop_menu_sub` (`menu_sub_id`, `menu_name`, `menu_top_id`) VALUES (50, '폴로 셔츠', 4);
INSERT INTO `nextjs_shop_menu_sub` (`menu_sub_id`, `menu_name`, `menu_top_id`) VALUES (51, '베스트', 4);
INSERT INTO `nextjs_shop_menu_sub` (`menu_sub_id`, `menu_name`, `menu_top_id`) VALUES (52, '후드', 4);
INSERT INTO `nextjs_shop_menu_sub` (`menu_sub_id`, `menu_name`, `menu_top_id`) VALUES (53, '재킷', 5);
INSERT INTO `nextjs_shop_menu_sub` (`menu_sub_id`, `menu_name`, `menu_top_id`) VALUES (54, '바람막이', 5);
INSERT INTO `nextjs_shop_menu_sub` (`menu_sub_id`, `menu_name`, `menu_top_id`) VALUES (55, '점퍼', 5);
INSERT INTO `nextjs_shop_menu_sub` (`menu_sub_id`, `menu_name`, `menu_top_id`) VALUES (56, '후드 집업', 5);
INSERT INTO `nextjs_shop_menu_sub` (`menu_sub_id`, `menu_name`, `menu_top_id`) VALUES (57, '레더 재킷', 5);
INSERT INTO `nextjs_shop_menu_sub` (`menu_sub_id`, `menu_name`, `menu_top_id`) VALUES (58, '블루종', 5);
INSERT INTO `nextjs_shop_menu_sub` (`menu_sub_id`, `menu_name`, `menu_top_id`) VALUES (59, '트렌치 코트', 5);
INSERT INTO `nextjs_shop_menu_sub` (`menu_sub_id`, `menu_name`, `menu_top_id`) VALUES (60, '블레이저', 5);
INSERT INTO `nextjs_shop_menu_sub` (`menu_sub_id`, `menu_name`, `menu_top_id`) VALUES (61, '하프코트', 5);
INSERT INTO `nextjs_shop_menu_sub` (`menu_sub_id`, `menu_name`, `menu_top_id`) VALUES (62, '야상', 5);
INSERT INTO `nextjs_shop_menu_sub` (`menu_sub_id`, `menu_name`, `menu_top_id`) VALUES (63, '기타 아우터', 5);
INSERT INTO `nextjs_shop_menu_sub` (`menu_sub_id`, `menu_name`, `menu_top_id`) VALUES (64, '나일론 재킷', 5);
INSERT INTO `nextjs_shop_menu_sub` (`menu_sub_id`, `menu_name`, `menu_top_id`) VALUES (65, '경량패딩', 5);
INSERT INTO `nextjs_shop_menu_sub` (`menu_sub_id`, `menu_name`, `menu_top_id`) VALUES (66, '베스트', 5);
INSERT INTO `nextjs_shop_menu_sub` (`menu_sub_id`, `menu_name`, `menu_top_id`) VALUES (67, '바시티', 5);
INSERT INTO `nextjs_shop_menu_sub` (`menu_sub_id`, `menu_name`, `menu_top_id`) VALUES (68, '데님 재킷', 5);
INSERT INTO `nextjs_shop_menu_sub` (`menu_sub_id`, `menu_name`, `menu_top_id`) VALUES (69, '플리스', 5);
INSERT INTO `nextjs_shop_menu_sub` (`menu_sub_id`, `menu_name`, `menu_top_id`) VALUES (70, '아노락', 5);
INSERT INTO `nextjs_shop_menu_sub` (`menu_sub_id`, `menu_name`, `menu_top_id`) VALUES (71, '숏코트', 5);
INSERT INTO `nextjs_shop_menu_sub` (`menu_sub_id`, `menu_name`, `menu_top_id`) VALUES (72, '트레이닝 재킷', 5);
INSERT INTO `nextjs_shop_menu_sub` (`menu_sub_id`, `menu_name`, `menu_top_id`) VALUES (73, '숏패딩', 5);
INSERT INTO `nextjs_shop_menu_sub` (`menu_sub_id`, `menu_name`, `menu_top_id`) VALUES (74, '롱코트', 5);
INSERT INTO `nextjs_shop_menu_sub` (`menu_sub_id`, `menu_name`, `menu_top_id`) VALUES (75, '로브', 5);
INSERT INTO `nextjs_shop_menu_sub` (`menu_sub_id`, `menu_name`, `menu_top_id`) VALUES (76, '퍼 재킷', 5);
INSERT INTO `nextjs_shop_menu_sub` (`menu_sub_id`, `menu_name`, `menu_top_id`) VALUES (77, '무스탕', 5);
INSERT INTO `nextjs_shop_menu_sub` (`menu_sub_id`, `menu_name`, `menu_top_id`) VALUES (78, '레인코트', 5);
INSERT INTO `nextjs_shop_menu_sub` (`menu_sub_id`, `menu_name`, `menu_top_id`) VALUES (79, '롱패딩', 5);
INSERT INTO `nextjs_shop_menu_sub` (`menu_sub_id`, `menu_name`, `menu_top_id`) VALUES (80, '블라우스', 6);
INSERT INTO `nextjs_shop_menu_sub` (`menu_sub_id`, `menu_name`, `menu_top_id`) VALUES (81, '반소매 티셔츠', 6);
INSERT INTO `nextjs_shop_menu_sub` (`menu_sub_id`, `menu_name`, `menu_top_id`) VALUES (82, '긴소매 티셔츠', 6);
INSERT INTO `nextjs_shop_menu_sub` (`menu_sub_id`, `menu_name`, `menu_top_id`) VALUES (83, '셔츠', 6);
INSERT INTO `nextjs_shop_menu_sub` (`menu_sub_id`, `menu_name`, `menu_top_id`) VALUES (84, '스웨트 셔츠', 6);
INSERT INTO `nextjs_shop_menu_sub` (`menu_sub_id`, `menu_name`, `menu_top_id`) VALUES (85, '슬리브리스', 6);
INSERT INTO `nextjs_shop_menu_sub` (`menu_sub_id`, `menu_name`, `menu_top_id`) VALUES (86, '후디', 6);
INSERT INTO `nextjs_shop_menu_sub` (`menu_sub_id`, `menu_name`, `menu_top_id`) VALUES (87, '피케, 카라 티셔츠', 6);
INSERT INTO `nextjs_shop_menu_sub` (`menu_sub_id`, `menu_name`, `menu_top_id`) VALUES (88, '반소매 셔츠', 6);
INSERT INTO `nextjs_shop_menu_sub` (`menu_sub_id`, `menu_name`, `menu_top_id`) VALUES (89, '폴로, 칼라', 6);
INSERT INTO `nextjs_shop_menu_sub` (`menu_sub_id`, `menu_name`, `menu_top_id`) VALUES (90, '데님', 7);
INSERT INTO `nextjs_shop_menu_sub` (`menu_sub_id`, `menu_name`, `menu_top_id`) VALUES (91, '트레이닝', 7);
INSERT INTO `nextjs_shop_menu_sub` (`menu_sub_id`, `menu_name`, `menu_top_id`) VALUES (92, '슬렉스', 7);
INSERT INTO `nextjs_shop_menu_sub` (`menu_sub_id`, `menu_name`, `menu_top_id`) VALUES (93, '쇼트', 7);
INSERT INTO `nextjs_shop_menu_sub` (`menu_sub_id`, `menu_name`, `menu_top_id`) VALUES (94, '와이드', 7);
INSERT INTO `nextjs_shop_menu_sub` (`menu_sub_id`, `menu_name`, `menu_top_id`) VALUES (95, '스트레이트', 7);
INSERT INTO `nextjs_shop_menu_sub` (`menu_sub_id`, `menu_name`, `menu_top_id`) VALUES (96, '부츠컷', 7);
INSERT INTO `nextjs_shop_menu_sub` (`menu_sub_id`, `menu_name`, `menu_top_id`) VALUES (97, '기타 팬츠', 7);
INSERT INTO `nextjs_shop_menu_sub` (`menu_sub_id`, `menu_name`, `menu_top_id`) VALUES (98, '슬림', 7);
INSERT INTO `nextjs_shop_menu_sub` (`menu_sub_id`, `menu_name`, `menu_top_id`) VALUES (99, '레깅스', 7);
INSERT INTO `nextjs_shop_menu_sub` (`menu_sub_id`, `menu_name`, `menu_top_id`) VALUES (100, '롱', 8);
INSERT INTO `nextjs_shop_menu_sub` (`menu_sub_id`, `menu_name`, `menu_top_id`) VALUES (101, '미니', 8);
INSERT INTO `nextjs_shop_menu_sub` (`menu_sub_id`, `menu_name`, `menu_top_id`) VALUES (102, '미디', 8);
INSERT INTO `nextjs_shop_menu_sub` (`menu_sub_id`, `menu_name`, `menu_top_id`) VALUES (103, '데님', 8);
INSERT INTO `nextjs_shop_menu_sub` (`menu_sub_id`, `menu_name`, `menu_top_id`) VALUES (104, '수트', 9);
INSERT INTO `nextjs_shop_menu_sub` (`menu_sub_id`, `menu_name`, `menu_top_id`) VALUES (105, '트레이닝', 9);
INSERT INTO `nextjs_shop_menu_sub` (`menu_sub_id`, `menu_name`, `menu_top_id`) VALUES (106, '스웻', 9);
INSERT INTO `nextjs_shop_menu_sub` (`menu_sub_id`, `menu_name`, `menu_top_id`) VALUES (107, '롱 원피스', 10);
INSERT INTO `nextjs_shop_menu_sub` (`menu_sub_id`, `menu_name`, `menu_top_id`) VALUES (108, '미니 원피스', 10);
INSERT INTO `nextjs_shop_menu_sub` (`menu_sub_id`, `menu_name`, `menu_top_id`) VALUES (109, '미디 원피스', 10);
INSERT INTO `nextjs_shop_menu_sub` (`menu_sub_id`, `menu_name`, `menu_top_id`) VALUES (110, '데님 원피스', 10);
INSERT INTO `nextjs_shop_menu_sub` (`menu_sub_id`, `menu_name`, `menu_top_id`) VALUES (111, '점프수트', 11);
INSERT INTO `nextjs_shop_menu_sub` (`menu_sub_id`, `menu_name`, `menu_top_id`) VALUES (112, '카디건', 12);
INSERT INTO `nextjs_shop_menu_sub` (`menu_sub_id`, `menu_name`, `menu_top_id`) VALUES (113, '브이넥', 12);
INSERT INTO `nextjs_shop_menu_sub` (`menu_sub_id`, `menu_name`, `menu_top_id`) VALUES (114, '크루넥', 12);
INSERT INTO `nextjs_shop_menu_sub` (`menu_sub_id`, `menu_name`, `menu_top_id`) VALUES (115, '베스트', 12);
INSERT INTO `nextjs_shop_menu_sub` (`menu_sub_id`, `menu_name`, `menu_top_id`) VALUES (116, '기타니트', 12);
INSERT INTO `nextjs_shop_menu_sub` (`menu_sub_id`, `menu_name`, `menu_top_id`) VALUES (117, '폴로 셔츠', 12);
INSERT INTO `nextjs_shop_menu_sub` (`menu_sub_id`, `menu_name`, `menu_top_id`) VALUES (118, '집업', 12);
INSERT INTO `nextjs_shop_menu_sub` (`menu_sub_id`, `menu_name`, `menu_top_id`) VALUES (119, '터틀넥', 12);
INSERT INTO `nextjs_shop_menu_sub` (`menu_sub_id`, `menu_name`, `menu_top_id`) VALUES (120, '캐시미어', 12);
